name,price,location,condition
Honda Accord 2006 Gray,"₦ 1,800,000","Lagos State, Ajah",Nigerian Used
Lexus GX 2009 Silver,"₦ 15,187,500","Abuja (FCT), Gudu",Nigerian Used
Nissan Altima 2008 Silver,"₦ 2,812,500","Lagos State, Alimosho",Nigerian Used
Toyota Corolla 2004 Gray,"₦ 3,937,500","Oyo State, Ibadan",Nigerian Used
Nissan Murano LE 4WD 2009 Brown,"₦ 3,375,000","Rivers State, Port-Harcourt",Nigerian Used
Toyota Corolla 1.4 D Automatic 2004 Blue,"₦ 3,375,000","Imo State, Owerri",Nigerian Used
Hyundai Sonata 2006 Blue,"₦ 2,407,500","Lagos State, Amuwo-Odofin",Nigerian Used
Toyota Avalon 2005 Blue,"₦ 3,105,000","Lagos State, Kosofe",Nigerian Used
Toyota Camry 2010 Silver,"₦ 5,962,500","Lagos State, Ojodu",Nigerian Used
Lexus GX 2014 Silver,"₦ 34,312,500","Lagos State, Ojodu",Nigerian Used
Toyota Avalon 2013 Black,"₦ 14,625,000","Lagos State, Ajah",Nigerian Used
Toyota Camry 2008 Silver,"₦ 3,037,500","Edo State, Benin City",Nigerian Used
Hyundai Genesis 2010 White,"₦ 5,625,000","Lagos State, Lekki",Foreign Used
Lexus RX 2000 White,"₦ 2,475,000","Lagos State, Ikoyi",Nigerian Used
Honda Pilot 2016 Black,"₦ 15,750,000","Lagos State, Yaba",Nigerian Used
Kia Cerato 2012 Gray,"₦ 3,375,000","Lagos State, Lekki",Nigerian Used
Toyota Sienna 2007 Gold,"₦ 7,200,000","Lagos State, Yaba",Nigerian Used
Hyundai Tucson SE AWD 2015 Gray,"₦ 15,750,000","Lagos State, Isolo",Foreign Used
Toyota Corolla 2004 Black,"₦ 2,925,000","Lagos State, Surulere",Nigerian Used
Nissan Sentra 1999 Red,"₦ 1,350,000","Lagos State, Isolo",Nigerian Used
Honda Pilot 2005 Black,"₦ 3,375,000","Lagos State, Alimosho",Nigerian Used
Mercedes-Benz C230 2007 Blue,"₦ 3,375,000","Lagos State, Ogba",Nigerian Used
Honda Accord 2008 Black,"₦ 3,712,500","Abuja (FCT), Wuse",Nigerian Used
Toyota Highlander 2006 Silver,"₦ 3,375,000","Lagos State, Ilupeju",Nigerian Used
Toyota Highlander 2012 Silver,"₦ 15,750,000","Edo State, Benin City",Foreign Used
Lexus RX 350 2010 Beige,"₦ 9,000,000","Abia State, Umuahia",Nigerian Used
Mazda CX-7 2008 Red,"₦ 3,037,500","Lagos State, Ojodu",Nigerian Used
Lexus RX 350 2010 Blue,"₦ 14,625,000","Lagos State, Ifako-Ijaiye",Nigerian Used
Chevrolet Orlando 2011 Black,"₦ 2,025,000","Lagos State, Mushin",Nigerian Used
Peugeot 307 2008 White,"₦ 2,241,000","Abuja (FCT), Karu",Nigerian Used
Toyota Camry 2010 Black,"₦ 4,350,937","Delta State, Oshimili South",Nigerian Used
Peugeot 206 1.4 75 Petit Filou 2006 Blue,"₦ 4,162,500","Abuja (FCT), Lugbe District",Foreign Used
Honda Civic 2004 Black,"₦ 1,462,500","Lagos State, Ikorodu",Nigerian Used
Land Rover Range Rover Sport 2008 Black,"₦ 5,625,000","Lagos State, Ajah",Nigerian Used
Toyota Sienna Limited AWD 7-Passenger 2013 Gray,"₦ 12,375,000","Kaduna State, Kaduna / Kaduna State",Foreign Used
Mercedes-Benz GLK-Class 350 2010 Black,"₦ 9,562,500","Rivers State, Port-Harcourt",Nigerian Used
BMW 535i 2010 Blue,"₦ 9,000,000","Abuja (FCT), Kubwa",Nigerian Used
Toyota Camry 2009 Blue,"₦ 4,275,000","Lagos State, Ojodu",Nigerian Used
Lexus RX 300 2002 Silver,"₦ 3,937,500","Lagos State, Yaba",Nigerian Used
Mazda Tribute 2005 Silver,"₦ 5,625,000","Lagos State, Ikeja",Nigerian Used
Mitsubishi Montero Sport ES 4x4 2003 Silver,"₦ 2,587,500","Lagos State, Ikorodu",Nigerian Used
Volvo XC60 2010 Black,"₦ 6,975,000","Lagos State, Magodo",Nigerian Used
Honda Civic 2006 Gray,"₦ 2,925,000","Abuja (FCT), Lugbe District",Nigerian Used
Kia Rio 2013 Brown,"₦ 3,150,000","Kaduna State, Kaduna / Kaduna State",Nigerian Used
Toyota Corolla 2007 Gray,"₦ 4,725,000","Abuja (FCT), Lugbe District",Nigerian Used
Toyota 4-Runner 2015 White,"₦ 18,000,000","Oyo State, Ibadan",Nigerian Used
Lexus ES 2007 Silver,"₦ 7,087,500","Oyo State, Ibadan",Nigerian Used
Toyota Camry 2007 Red,"₦ 5,625,000","Lagos State, Ifako-Ijaiye",Nigerian Used
Honda Odyssey 1999 Gray,"₦ 2,812,500","Lagos State, Ikotun/Igando",Nigerian Used
Toyota Corolla 2009 Black,"₦ 2,025,000","Lagos State, Yaba",Nigerian Used
Mercedes-Benz GL-Class 2012 Black,"₦ 11,250,000","Delta State, Oshimili South",Nigerian Used
Toyota Highlander Hybrid Limited 2008 Silver,"₦ 5,062,500","Kaduna State, Kaduna / Kaduna State",Nigerian Used
Hyundai Ix35 2012 Black,"₦ 6,750,000","Abuja (FCT), Jabi",Nigerian Used
Toyota Sienna 2006 Green,"₦ 3,600,000","Lagos State, Surulere",Nigerian Used
Toyota Camry 2006 Black,"₦ 3,037,500","Lagos State, Alimosho",Nigerian Used
Lexus RX 350 2014 Black,"₦ 19,125,000","Imo State, Owerri",Nigerian Used
Lexus RX 350 2007 Gray,"₦ 11,250,000","Lagos State, Ifako-Ijaiye",Foreign Used
Mercedes-Benz GLK-Class 2011 White,"₦ 7,875,000","Lagos State, Ikeja",Nigerian Used
BMW 3 Series 2006 Gray,"₦ 3,375,000","Abia State, Umuahia",Nigerian Used
Nissan Maxima 2006 White,"₦ 4,500,000","Lagos State, Ikoyi",Foreign Used
Mercedes-Benz E350 2012 White,"₦ 15,187,500","Abuja (FCT), Wuse",Foreign Used
Toyota Highlander 2005 Gold,"₦ 4,162,500","Oyo State, Ibadan",Nigerian Used
Toyota Corolla Verso 1.8 Luna 2006 Black,"₦ 3,937,500","Delta State, Oshimili South",Nigerian Used
Toyota Avensis Verso 2004 Red,"₦ 2,625,000","Lagos State, Ikeja",Nigerian Used
Chevrolet Suburban 2010 Black,"₦ 13,500,000","Abuja (FCT), Jabi",Nigerian Used
Toyota Matrix 2005 Gray,"₦ 3,375,000","Rivers State, Port-Harcourt",Nigerian Used
Hyundai Tucson 2008 Black,"₦ 2,415,000","Lagos State, Lekki",Nigerian Used
Toyota RAV4 2007 Gold,"₦ 5,062,500","Abuja (FCT), Jabi",Nigerian Used
Jeep Liberty 2007 Gray,"₦ 2,250,000","Lagos State, Apapa",Nigerian Used
Toyota Highlander 2005 Blue,"₦ 8,437,500","Lagos State, Ojodu",Nigerian Used
Lexus ES 350 FWD 2015 Gray,"₦ 13,781,250","Lagos State, Ikorodu",Foreign Used
Acura MDX 2004 Black,"₦ 1,687,500","Ondo State, Akure",Nigerian Used
Toyota Sienna 2004 Silver,"₦ 4,500,000","Rivers State, Port-Harcourt",Nigerian Used
Land Rover Lr3 2008 Gold,"₦ 2,835,000","Lagos State, Ajah",Nigerian Used
Toyota Corolla 2010 Black,"₦ 4,200,000","Lagos State, Lekki",Nigerian Used
Toyota Camry 2007 Blue,"₦ 3,885,000","Lagos State, Ogba",Nigerian Used
Toyota Corolla 2007 Red,"₦ 4,576,000","Abuja (FCT), Gwagwalada",Nigerian Used
Infiniti QX56 2006 Green,"₦ 4,365,000","Lagos State, Alimosho",Nigerian Used
Toyota Corolla 2004 Silver,"₦ 3,375,000","Lagos State, Alimosho",Nigerian Used
Toyota Camry 2008 Gray,"₦ 7,312,500","Lagos State, Ilupeju",Foreign Used
Kia Sportage 2017 Blue,"₦ 6,750,000","Lagos State, Yaba",Nigerian Used
Toyota RAV4 2008 Gold,"₦ 6,750,000","Lagos State, Ajah",Foreign Used
Land Rover Range Rover Sport 4.2 V8 SC 2008 White,"₦ 4,837,500","Lagos State, Ibeju",Nigerian Used
Honda Odyssey 2.4 2WD 2024 Blue,"₦ 3,937,500","Lagos State, Ikorodu",Nigerian Used
Honda Pilot EX 4x4 (3.5L 6cyl 5A) 2006 Gold,"₦ 3,375,000","Lagos State, Lekki",Nigerian Used
Honda Accord Crosstour 2010 Red,"₦ 4,950,000","Abuja (FCT), Gudu",Nigerian Used
Honda Accord 2005 Gray,"₦ 2,250,000","Rivers State, Port-Harcourt",Nigerian Used
Mercedes-Benz C63 2018 White,"₦ 90,000,000","Lagos State, Lekki",Foreign Used
Toyota Corolla 2010 Black,"₦ 3,990,000","Abuja (FCT), Gwagwalada",Nigerian Used
Toyota Camry 2007 Black,"₦ 4,162,500","Abuja (FCT), Karu",Nigerian Used
Toyota Corolla 2013 Red,"₦ 7,200,000","Abuja (FCT), Jabi",Nigerian Used
Toyota Camry 2003 Black,"₦ 2,925,000","Abuja (FCT), Gwagwalada",Nigerian Used
Honda Accord 2010 Silver,"₦ 3,937,500","Abuja (FCT), Kubwa",Nigerian Used
Acura MDX 2011 Black,"₦ 9,000,000","Oyo State, Ibadan",Nigerian Used
BMW X6 2009 Black,"₦ 10,125,000","Lagos State, Ifako-Ijaiye",Nigerian Used
Toyota Camry 2007 Silver,"₦ 4,500,000","Lagos State, Lekki",Nigerian Used
Honda Accord 2003 Green,"₦ 1,800,000","Lagos State, Kosofe",Nigerian Used
Lexus ES 2010 Red,"₦ 9,000,000","Lagos State, Ikorodu",Foreign Used
Kia Sedona 2002 Green,"₦ 3,037,500","Lagos State, Ikeja",Nigerian Used
Hyundai Ix35 2011 Red,"₦ 7,312,500","Lagos State, Victoria Island",Nigerian Used
Toyota Sienna 2010 Blue,"₦ 9,562,500","Lagos State, Surulere",Foreign Used
Toyota Camry 2000 Silver,"₦ 1,350,000","Abuja (FCT), Karu",Nigerian Used
BMW 3 Series 2003 Brown,"₦ 2,812,500","Lagos State, Ikorodu",Nigerian Used
Honda Pilot 2005 Silver,"₦ 3,600,000","Lagos State, Ikeja",Nigerian Used
Toyota Highlander 2008 Silver,"₦ 7,875,000","Ondo State, Akure",Nigerian Used
Toyota Camry 2009 Black,"₦ 7,875,000","Lagos State, Ikorodu",Foreign Used
Mercedes-Benz GLK-Class 2010 Blue,"₦ 9,562,500","Delta State, Oshimili South",Nigerian Used
Mercedes-Benz M Class ML 350 4Matic 2013 White,"₦ 22,500,000","Abuja (FCT), Lugbe District",Nigerian Used
Toyota Corolla 2003 Silver,"₦ 2,700,000","Abuja (FCT), Karu",Nigerian Used
Honda CR-V 2013 Blue,"₦ 7,312,500","Ondo State, Akure",Nigerian Used
Lexus RX 330 2006 Gold,"₦ 5,310,000","Lagos State, Magodo",Nigerian Used
Toyota Sienna 2006 Gold,"₦ 5,062,500","Oyo State, Ibadan",Nigerian Used
Honda Odyssey 2005 Red,"₦ 2,812,500","Lagos State, Ikorodu",Nigerian Used
Toyota Sienna 2004 Gold,"₦ 2,700,000","Lagos State, Surulere",Nigerian Used
Toyota Camry 2007 Gray,"₦ 6,864,000","Lagos State, Isolo",Foreign Used
Mitsubishi Lancer 2012 Blue,"₦ 1,312,500","Lagos State, Amuwo-Odofin",Nigerian Used
Lexus RX 350 2010 White,"₦ 16,875,000","Abuja (FCT), Gwarinpa",Nigerian Used
Kia Optima 2007 Blue,"₦ 2,812,500","Lagos State, Ojodu",Nigerian Used
Kia Optima 2015 Red,"₦ 6,075,000","Lagos State, Magodo",Nigerian Used
Toyota Highlander 2009 Gray,"₦ 8,437,500","Lagos State, Yaba",Nigerian Used
Toyota Camry 2008 Red,"₦ 4,837,500","Lagos State, Ikoyi",Nigerian Used
Toyota Camry 2009 Blue,"₦ 3,768,750","Lagos State, Ojodu",Nigerian Used
Toyota Camry 2004 Blue,"₦ 3,937,500","Lagos State, Ikeja",Nigerian Used
Honda Pilot EX 4x2 (3.5L 6cyl 5A) 2007 Blue,"₦ 1,968,750","Lagos State, Ikorodu",Nigerian Used
Toyota Sienna 2005 Gray,"₦ 5,062,500","Abuja (FCT), Karu",Nigerian Used
Toyota Highlander 2008 Black,"₦ 9,562,500","Lagos State, Ojodu",Foreign Used
Ford E-250 2003 White,"₦ 2,475,000","Lagos State, Ikorodu",Nigerian Used
Toyota Avensis 2014 Gray,"₦ 5,962,500","Lagos State, Kosofe",Nigerian Used
Toyota Corolla 2011 Silver,"₦ 5,250,000","Lagos State, Ojodu",Nigerian Used
Land Rover Range Rover Sport 2013 Brown,"₦ 18,000,000","Kaduna State, Kaduna / Kaduna State",Nigerian Used
Toyota Camry 2018 Gray,"₦ 25,875,000","Lagos State, Lekki",Nigerian Used
Mercedes-Benz G-Class 2019 Gray,"₦ 200,812,500","Lagos State, Lekki",Foreign Used
Toyota Camry 2003 Gray,"₦ 2,081,250","Lagos State, Ifako-Ijaiye",Nigerian Used
Volkswagen Touareg 4.2 Automatic 2003 Blue,"₦ 6,187,500","Abuja (FCT), Lugbe District",Nigerian Used
Hyundai Santa Fe 2002 Black,"₦ 2,250,000","Lagos State, Ibeju",Nigerian Used
Toyota Matrix 2003 Black,"₦ 2,812,500","Kaduna State, Kaduna / Kaduna State",Nigerian Used
Hyundai Sonata 2012 Black,"₦ 8,437,500","Lagos State, Ilupeju",Foreign Used
Kia Sportage 2011 Black,"₦ 5,625,000","Lagos State, Amuwo-Odofin",Nigerian Used
Nissan Altima 2010 Black,"₦ 4,162,500","Rivers State, Port-Harcourt",Foreign Used
Lexus RX 330 2004 Gold,"₦ 8,437,500","Lagos State, Ikorodu",Nigerian Used
Toyota Highlander 2013 Black,"₦ 10,125,000","Lagos State, Ikoyi",Nigerian Used
Honda Accord 2007 Silver,"₦ 3,375,000","Abuja (FCT), Jabi",Nigerian Used
Lexus RX 350 2008 Silver,"₦ 5,850,000","Abia State, Umuahia",Nigerian Used
Toyota RAV4 2013 Silver,"₦ 14,850,000","Lagos State, Ikeja",Nigerian Used
Honda Civic 2003 White,"₦ 1,687,500","Abuja (FCT), Asokoro",Nigerian Used
Mazda 626 2008 Silver,"₦ 1,800,000","Lagos State, Lekki",Nigerian Used
Toyota Avensis 2006 Silver,"₦ 2,151,000","Lagos State, Mushin",Nigerian Used
Nissan X-Trail 2.5 Petrol AWD 2015 Black,"₦ 12,375,000","Lagos State, Isolo",Nigerian Used
Porsche Cayenne 2005 Gray,"₦ 16,312,500","Lagos State, Surulere",Foreign Used
Toyota Highlander 2008 Silver,"₦ 7,312,500","Abuja (FCT), Garki 2",Nigerian Used
Honda Accord 2.4 Automatic 2003 Silver,"₦ 1,575,000","Abuja (FCT), Lugbe District",Nigerian Used
Honda Accord 2008 Black,"₦ 2,812,500","Abuja (FCT), Jabi",Nigerian Used
Lexus GS 2009 Black,"₦ 6,187,500","Lagos State, Ikorodu",Nigerian Used
Mazda MPV 2000 Silver,"₦ 2,250,000","Lagos State, Yaba",Nigerian Used
Mercedes-Benz E350 2011 White,"₦ 11,250,000","Lagos State, Surulere",Nigerian Used
Mercedes-Benz GLC-Class 2017 Black,"₦ 28,125,000","Lagos State, Ilupeju",Foreign Used
Toyota Tacoma 4x4 Double Cab 2008 Black,"₦ 7,380,000","Lagos State, Ajah",Nigerian Used
Mercedes-Benz C200 2000 Blue,"₦ 3,825,000","Abuja (FCT), Gwagwalada",Nigerian Used
Mercedes-Benz C300 2015 White,"₦ 15,750,000","Lagos State, Ojodu",Foreign Used
Rover Land 2013 Silver,"₦ 14,625,000","Lagos State, Lekki",Nigerian Used
Toyota RAV4 2012 Silver,"₦ 10,237,500","Lagos State, Ojodu",Nigerian Used
Mercedes-Benz C230 2006 Gray,"₦ 2,808,000","Oyo State, Ibadan",Nigerian Used
Ford Edge 2008 Silver,"₦ 2,856,000","Lagos State, Ifako-Ijaiye",Nigerian Used
Toyota Camry 2007 Gray,"₦ 4,275,000","Abuja (FCT), Kubwa",Nigerian Used
Toyota Camry SE 2023 Black,"₦ 61,875,000","Abuja (FCT), Asokoro",Foreign Used
Honda Accord 2007 Gray,"₦ 1,848,000","Lagos State, Amuwo-Odofin",Nigerian Used
Toyota RAV4 2005 Silver,"₦ 2,610,000","Lagos State, Lekki",Nigerian Used
Honda Accord 2006 Gold,"₦ 2,250,000","Ondo State, Akure",Nigerian Used
Volvo S60 2007 White,"₦ 2,835,000","Lagos State, Ojodu",Nigerian Used
Honda Accord 2006 Black,"₦ 2,700,000","Lagos State, Alimosho",Nigerian Used
Toyota Land Cruiser 2001 Silver,"₦ 5,625,000","Rivers State, Port-Harcourt",Nigerian Used
Acura MDX 2008 Beige,"₦ 3,150,000","Lagos State, Ikoyi",Nigerian Used
Toyota Corolla 1.8 LE 2008 Green,"₦ 5,062,500","Kaduna State, Kaduna / Kaduna State",Nigerian Used
Toyota Camry 2007 Blue,"₦ 3,937,500","Abuja (FCT), Gwarinpa",Nigerian Used
Toyota Hilux 2014 White,"₦ 17,437,500","Delta State, Oshimili South",Foreign Used
Toyota Sienna 2002 Gold,"₦ 4,500,000","Abuja (FCT), Karu",Nigerian Used
Nissan Sentra 2014 Black,"₦ 6,187,500","Abuja (FCT), Jabi",Foreign Used
Ford Escape 2008 Silver,"₦ 4,500,000","Lagos State, Mushin",Nigerian Used
Honda Accord 2002 Silver,"₦ 1,260,000","Lagos State, Magodo",Nigerian Used
Opel Zafira 1997 Silver,"₦ 2,025,000","Lagos State, Ikeja",Nigerian Used
Land Rover Range Rover Sport 2006 Black,"₦ 3,465,000","Abuja (FCT), Gwarinpa",Nigerian Used
Volkswagen Golf 2000 White,"₦ 3,465,000","Abuja (FCT), Garki 2",Nigerian Used
Volvo XC90 2004 Silver,"₦ 2,812,500","Delta State, Oshimili South",Nigerian Used
Volkswagen Jetta 2007 Black,"₦ 3,328,000","Lagos State, Alimosho",Nigerian Used
MG Magnett 2010 Black,"₦ 8,437,500","Abuja (FCT), Gwarinpa",Nigerian Used
Toyota Camry 2000 White,"₦ 2,025,000","Abuja (FCT), Lugbe District",Nigerian Used
Toyota Camry 2002 Red,"₦ 2,392,000","Abuja (FCT), Jabi",Nigerian Used
Nissan Maxima 1998 Green,"₦ 1,575,000","Lagos State, Ifako-Ijaiye",Nigerian Used
Toyota Corolla 2006 Green,"₦ 6,750,000","Lagos State, Alimosho",Foreign Used
Mercedes-Benz M Class 2005 Silver,"₦ 4,160,000","Lagos State, Alimosho",Nigerian Used
Toyota Camry 2010 White,"₦ 3,150,000","Lagos State, Ogudu",Nigerian Used
Toyota Corolla 2009 Black,"₦ 4,515,000","Abuja (FCT), Kubwa",Nigerian Used
Toyota Corolla 2006 Black,"₦ 4,160,000","Oyo State, Ibadan",Nigerian Used
Toyota Highlander Limited 2011 Black,"₦ 10,687,500","Lagos State, Ojodu",Nigerian Used
Toyota Camry 2009 Gray,"₦ 4,370,000","Lagos State, Surulere",Nigerian Used
Peugeot 406 2005 Green,"₦ 3,120,000","Lagos State, Ikeja",Nigerian Used
Acura MDX 2001 Silver,"₦ 1,856,250","Lagos State, Kosofe",Nigerian Used
Toyota Sienna 2011 Green,"₦ 9,360,000","Abuja (FCT), Jabi",Nigerian Used
Mercedes-Benz C-Class 2001 Red,"₦ 1,680,000","Oyo State, Ibadan",Nigerian Used
Toyota Sienna 2008 Green,"₦ 4,992,000","Lagos State, Ikotun/Igando",Nigerian Used
Toyota 4-Runner 2005 Blue,"₦ 3,037,500","Lagos State, Ojodu",Nigerian Used
Toyota Camry 2007 Silver,"₦ 4,420,000","Lagos State, Ojodu",Nigerian Used
Toyota Land Cruiser Prado 2012 Black,"₦ 20,430,000","Abuja (FCT), Wuse",Nigerian Used
Mercedes-Benz GLE-Class 2023 Black,"₦ 147,000,000","Lagos State, Lekki",Nigerian Used
Honda Civic 2009 Blue,"₦ 2,940,000","Lagos State, Ikorodu",Nigerian Used
Toyota Camry 2010 Gray,"₦ 3,780,000","Lagos State, Lekki",Nigerian Used
Kia Cerato 2013 Black,"₦ 3,990,000","Imo State, Owerri",Nigerian Used
Land Rover Range Rover Sport 2011 Black,"₦ 5,512,500","Lagos State, Amuwo-Odofin",Nigerian Used
Toyota Highlander 2012 Silver,"₦ 9,360,000","Oyo State, Ibadan",Nigerian Used
Mercedes-Benz C300 2008 White,"₦ 5,720,000","Abuja (FCT), Lugbe District",Nigerian Used
Infiniti FX 2005 Black,"₦ 4,725,000","Abuja (FCT), Gudu",Nigerian Used
Hyundai Santa Fe 2007 Blue,"₦ 2,520,000","Abuja (FCT), Jabi",Nigerian Used
Toyota Highlander 2005 Black,"₦ 4,725,000","Lagos State, Surulere",Nigerian Used
Lexus GX 470 Sport Utility 2006 Black,"₦ 5,250,000","Akwa Ibom State, Uyo",Nigerian Used
Toyota Corolla 2004 Silver,"₦ 2,625,000","Lagos State, Kosofe",Nigerian Used
Toyota Camry 2007 Black,"₦ 3,360,000","Rivers State, Port-Harcourt",Nigerian Used
Mitsubishi Pajero 2010 Black,"₦ 5,250,000","Abuja (FCT), Gudu",Nigerian Used
Honda CR-V 2016 Black,"₦ 14,248,000","Lagos State, Ilupeju",Foreign Used
Sinotruk Howo 2022 White,"₦ 52,500,000","Lagos State, Ilupeju",Foreign Used
Toyota Corolla 2008 Silver,"₦ 3,528,000","Lagos State, Ilupeju",Nigerian Used
Toyota Sienna 2011 Silver,"₦ 9,880,000","Lagos State, Alimosho",Nigerian Used
Hyundai Sonata 2009 Gray,"₦ 2,751,000","Lagos State, Ikeja",Nigerian Used
Lexus GS 2007 Black,"₦ 8,320,000","Lagos State, Ogba",Foreign Used
Toyota Highlander 2005 Gold,"₦ 3,612,000","Abuja (FCT), Karu",Nigerian Used
Acura MDX 2008 Silver,"₦ 4,992,000","Lagos State, Amuwo-Odofin",Nigerian Used
Toyota Sienna 2005 Red,"₦ 3,675,000","Lagos State, Ogudu",Nigerian Used
Peugeot 307 2008 Blue,"₦ 1,890,000","Lagos State, Apapa",Nigerian Used
Mercedes-Benz GL-Class 2012 Black,"₦ 8,925,000","Lagos State, Ikotun/Igando",Nigerian Used
Toyota Matrix 2006 Red,"₦ 2,625,000","Rivers State, Port-Harcourt",Nigerian Used
Hyundai Accent 2009 Silver,"₦ 2,310,000","Lagos State, Yaba",Nigerian Used
Mazda 3 2009 Gray,"₦ 3,150,000","Abuja (FCT), Jabi",Nigerian Used
Ford Edge 2011 Silver,"₦ 5,200,000","Lagos State, Isolo",Nigerian Used
Volkswagen Routan 2011 Black,"₦ 6,510,000","Lagos State, Alimosho",Foreign Used
Nissan Maxima 2001 Gray,"₦ 2,250,000","Abuja (FCT), Garki 2",Nigerian Used
Ford F-150 SuperCab 4x4 2005 Black,"₦ 4,725,000","Rivers State, Port-Harcourt",Nigerian Used
Toyota Highlander LE 4dr SUV (3.5L 6cyl 6A) 2015 Gray,"₦ 19,950,000","Rivers State, Port-Harcourt",Nigerian Used
Mercedes-Benz C300 2016 White,"₦ 16,875,000","Abuja (FCT), Wuse",Foreign Used
Toyota Venza 2011 Silver,"₦ 7,875,000","Abuja (FCT), Gwarinpa",Nigerian Used
Toyota Highlander 2018 Gray,"₦ 29,250,000","Lagos State, Ilupeju",Foreign Used
Toyota Sienna 2006 Silver,"₦ 3,675,000","Edo State, Benin City",Nigerian Used
Mercedes-Benz C300 2016 White,"₦ 16,875,000","Abuja (FCT), Wuse",Foreign Used
Toyota Venza 2011 Silver,"₦ 7,875,000","Abuja (FCT), Gwarinpa",Nigerian Used
Toyota Highlander 2018 Gray,"₦ 29,250,000","Lagos State, Ilupeju",Foreign Used
Toyota Sienna 2006 Silver,"₦ 3,675,000","Edo State, Benin City",Nigerian Used
Sinotruk Howo 2022 White,"₦ 52,500,000","Lagos State, Ilupeju",Foreign Used
Toyota Avensis 2007 Red,"₦ 2,625,000","Lagos State, Surulere",Nigerian Used
Toyota Corolla 2004 Red,"₦ 5,200,000","Lagos State, Isolo",Foreign Used
Honda CR-V 2005 Silver,"₦ 1,976,000","Lagos State, Ifako-Ijaiye",Nigerian Used
Lexus RX 350 2014 Gray,"₦ 16,640,000","Lagos State, Ikeja",Nigerian Used
Toyota Highlander 2008 Green,"₦ 7,800,000","Lagos State, Ifako-Ijaiye",Nigerian Used
Toyota Camry 2017 Red,"₦ 11,440,000","Abuja (FCT), Gudu",Nigerian Used
Nissan X-Trail 2012 Black,"₦ 2,625,000","Abuja (FCT), Gwagwalada",Nigerian Used
Toyota Highlander 2005 Red,"₦ 3,837,750","Abuja (FCT), Jabi",Nigerian Used
Honda Accord 2006 Silver,"₦ 1,890,000","Lagos State, Victoria Island",Nigerian Used
Honda Accord 2.4 2007 Black,"₦ 1,785,000","Lagos State, Ibeju",Nigerian Used
Toyota Highlander Limited V6 4x4 2006 Black,"₦ 4,488,750","Lagos State, Ikorodu",Nigerian Used
Ford F-150 2014 White,"₦ 15,750,000","Oyo State, Ibadan",Nigerian Used
Honda Accord 2012 Silver,"₦ 4,680,000","Abia State, Umuahia",Nigerian Used
Lexus IS 2007 Silver,"₦ 4,617,900","Lagos State, Ajah",Nigerian Used
Toyota 4-Runner Limited 2004 Black,"₦ 3,024,000","Akwa Ibom State, Uyo",Nigerian Used
BMW X5 3.0D Sport Automatic 2007 Green,"₦ 6,300,000","Lagos State, Magodo",Nigerian Used
Toyota Venza XLE FWD 2013 Gray,"₦ 12,480,000","Akwa Ibom State, Uyo",Nigerian Used
Lexus ES 2005 Black,"₦ 3,346,875","Abia State, Umuahia",Nigerian Used
Nissan Frontier 2008 Gray,"₦ 3,937,500","Abuja (FCT), Wuse",Nigerian Used
Mercedes-Benz GLK-Class 2013 Black,"₦ 19,760,000","Lagos State, Isolo",Foreign Used
Toyota Sienna 2005 Gray,"₦ 3,192,000","Lagos State, Ajah",Nigerian Used
Lexus RX 2010 Black,"₦ 20,800,000","Lagos State, Lekki",Nigerian Used
Toyota Camry 2008 Blue,"₦ 4,200,000","Abuja (FCT), Gwarinpa",Nigerian Used
Lexus RX 350 2010 Black,"₦ 10,080,000","Lagos State, Ogba",Nigerian Used
Hyundai Ix35 2013 Red,"₦ 5,355,000","Lagos State, Alimosho",Nigerian Used
Ford Explorer 2013 Silver,"₦ 5,460,000","Rivers State, Port-Harcourt",Nigerian Used
Toyota Sienna 2006 Blue,"₦ 4,472,000","Abuja (FCT), Garki 2",Nigerian Used
Chevrolet Cruze 2010 Black,"₦ 3,150,000","Lagos State, Lekki",Nigerian Used
Toyota Camry 2007 Black,"₦ 4,368,000","Lagos State, Alimosho",Nigerian Used
Toyota Camry 2002 Green,"₦ 3,375,000","Lagos State, Ikorodu",Nigerian Used
Hyundai Entourage 2007 Blue,"₦ 4,200,000","Lagos State, Amuwo-Odofin",Nigerian Used
Honda CR-V 2003 Blue,"₦ 2,600,000","Lagos State, Surulere",Nigerian Used
Ford Edge 2010 Red,"₦ 3,123,750","Lagos State, Ikotun/Igando",Nigerian Used
Toyota Corolla 1999 Gray,"₦ 1,125,000","Lagos State, Lekki",Nigerian Used
Mercedes-Benz S-Class 2012 Black,"₦ 23,100,000","Lagos State, Ikeja",Foreign Used
Honda Accord 2005 Silver,"₦ 1,508,325","Abuja (FCT), Garki 2",Nigerian Used
Toyota Corolla 2005 Gray,"₦ 2,730,000","Abuja (FCT), Gwagwalada",Nigerian Used
Honda Accord 2007 Silver,"₦ 1,785,000","Edo State, Benin City",Nigerian Used
Hyundai Sonata 2011 Gray,"₦ 3,990,000","Lagos State, Ikorodu",Nigerian Used
Ford Explorer 2002 Brown,"₦ 3,045,000","Lagos State, Ajah",Nigerian Used
Chevrolet Blazer 2019 Red,"₦ 57,750,000","Lagos State, Victoria Island",Foreign Used
Peugeot 406 2.0 HDi ST 2004 Silver,"₦ 6,300,000","Kaduna State, Kaduna / Kaduna State",Foreign Used
Honda Accord 2003 Gold,"₦ 1,386,000","Lagos State, Alimosho",Nigerian Used
Lexus RX 300 1999 Green,"₦ 3,120,000","Lagos State, Amuwo-Odofin",Nigerian Used
Honda Civic 2012 Silver,"₦ 6,720,000","Lagos State, Victoria Island",Foreign Used
Toyota Corolla 2010 Red,"₦ 8,008,000","Lagos State, Ogudu",Foreign Used
Toyota RAV4 2008 Silver,"₦ 4,189,500","Lagos State, Ogudu",Nigerian Used
Toyota Sienna 2005 Gray,"₦ 4,160,000","Rivers State, Port-Harcourt",Nigerian Used
Lexus GX 2010 Silver,"₦ 15,618,750","Lagos State, Surulere",Nigerian Used
Lexus ES 350 2008 Red,"₦ 5,355,000","Lagos State, Amuwo-Odofin",Nigerian Used
Toyota Highlander 2017 White,"₦ 29,120,000","Lagos State, Ilupeju",Foreign Used
Lexus RX 300 2002 Silver,"₦ 3,328,000","Ondo State, Akure",Nigerian Used
Volkswagen Caddy 2013 White,"₦ 8,400,000","Lagos State, Ojodu",Nigerian Used
Land Rover Lr3 2008 Black,"₦ 4,200,000","Lagos State, Amuwo-Odofin",Foreign Used
Mercedes-Benz GL-Class 2008 White,"₦ 8,320,000","Lagos State, Amuwo-Odofin",Nigerian Used
Lexus RX 300 2003 Black,"₦ 4,680,000","Lagos State, Alimosho",Nigerian Used
Honda Pilot 2009 Black,"₦ 3,885,000","Lagos State, Amuwo-Odofin",Nigerian Used
Toyota Corolla 2011 Black,"₦ 3,675,000","Lagos State, Ikorodu",Nigerian Used
Toyota Highlander 2005 Gray,"₦ 4,200,000","Lagos State, Alimosho",Nigerian Used
Lexus ES 2009 Black,"₦ 7,350,000","Lagos State, Alimosho",Foreign Used
Toyota Corolla 2008 Black,"₦ 3,150,000","Delta State, Oshimili South",Nigerian Used
Toyota RAV4 2018 Gray,"₦ 16,800,000","Lagos State, Ogba",Nigerian Used
Mercedes-Benz GLK-Class 2013 Black,"₦ 15,225,000","Lagos State, Ilupeju",Foreign Used
Lexus GX 470 2007 Green,"₦ 5,823,562","Lagos State, Ibeju",Nigerian Used
Toyota Camry 2003 Green,"₦ 3,120,000","Oyo State, Ibadan",Nigerian Used
Peugeot 206 2003 Black,"₦ 945,000","Abuja (FCT), Gudu",Nigerian Used
Lexus ES 2004 Black,"₦ 4,160,000","Lagos State, Alimosho",Nigerian Used
Nissan Pathfinder 2005 Red,"₦ 2,808,000","Lagos State, Ikeja",Nigerian Used
Toyota Sequoia 2002 Gray,"₦ 1,874,250","Lagos State, Alimosho",Nigerian Used
Toyota Camry 2019 Gray,"₦ 23,062,500","Abuja (FCT), Wuse",Foreign Used
Mercedes-Benz GL-Class GL 450 2008 Silver,"₦ 6,240,000","Imo State, Owerri",Nigerian Used
Honda CR-V 1999 Silver,"₦ 1,176,000","Abuja (FCT), Karu",Nigerian Used
Toyota Corolla 2014 Black,"₦ 4,777,500","Abuja (FCT), Gwarinpa",Nigerian Used
Ford Fusion 2015 Black,"₦ 6,825,000","Abia State, Umuahia",Nigerian Used
Toyota Corolla 2007 Blue,"₦ 3,640,000","Rivers State, Port-Harcourt",Nigerian Used
Subaru Outback 2011 Gray,"₦ 5,775,000","Abuja (FCT), Garki 2",Nigerian Used
Jaguar X-Type 2004 Silver,"₦ 2,940,000","Abuja (FCT), Kubwa",Nigerian Used
Toyota Corolla 2007 Blue,"₦ 3,150,000","Lagos State, Magodo",Nigerian Used
Ford Focus 2015 Gray,"₦ 3,045,000","Lagos State, Lekki",Nigerian Used
Infiniti QX56 2011 Black,"₦ 15,750,000","Oyo State, Ibadan",Nigerian Used
Toyota Corolla 2020 Gray,"₦ 17,850,000","Lagos State, Ilupeju",Foreign Used
Lexus ES 2019 Gray,"₦ 38,850,000","Abuja (FCT), Gwarinpa",Nigerian Used
Land Rover Lr3 HSE 2007 Silver,"₦ 3,150,000","Akwa Ibom State, Uyo",Nigerian Used
Hyundai Sonata 2011 White,"₦ 6,510,000","Abuja (FCT), Gwarinpa",Foreign Used
Mercedes-Benz GL-Class 2008 Black,"₦ 4,685,625","Lagos State, Ikeja",Nigerian Used
Dodge Avenger 2008 Black,"₦ 2,625,000","Lagos State, Ikorodu",Nigerian Used
Mercedes-Benz GLA-Class 2019 White,"₦ 31,500,000","Lagos State, Ikeja",Nigerian Used
Volkswagen CC 2014 Black,"₦ 8,400,000","Rivers State, Port-Harcourt",Foreign Used
Toyota Sienna XLE 2007 White,"₦ 4,160,000","Kaduna State, Kaduna / Kaduna State",Nigerian Used
Toyota Camry 2004 Silver,"₦ 2,220,750","Abuja (FCT), Gwarinpa",Nigerian Used
Acura TSX 2006 Blue,"₦ 2,467,500","Oyo State, Ibadan",Nigerian Used
Toyota Camry 2009 Gray,"₦ 4,050,000","Ondo State, Akure",Nigerian Used
Honda Odyssey 2012 Gray,"₦ 5,040,000","Lagos State, Ojodu",Nigerian Used
Honda Pilot 2004 Black,"₦ 1,785,000","Lagos State, Ikorodu",Nigerian Used
Honda Accord 2017 Silver,"₦ 12,600,000","Abuja (FCT), Wuse",Foreign Used
Toyota Sienna 2008 Blue,"₦ 3,255,000","Oyo State, Ibadan",Nigerian Used
Toyota Matrix 2007 Red,"₦ 3,796,000","Oyo State, Ibadan",Nigerian Used
Dodge Challenger 2017 White,"₦ 24,675,000","Lagos State, Alimosho",Foreign Used
Lexus ES 350 2007 Silver,"₦ 5,176,500","Abuja (FCT), Garki 2",Nigerian Used
Toyota Land Cruiser 2008 White,"₦ 7,350,000","Abuja (FCT), Gudu",Nigerian Used
Toyota Sienna 2006 Green,"₦ 4,368,000","Oyo State, Ibadan",Nigerian Used
Opel Zafira 1.8 2006 Blue,"₦ 1,680,000","Lagos State, Ibeju",Nigerian Used
Toyota Corolla 2014 Red,"₦ 10,400,000","Lagos State, Ilupeju",Foreign Used
Peugeot 307 1.6 Premium 2005 Purple,"₦ 2,310,000","Kaduna State, Kaduna / Kaduna State",Foreign Used
Toyota Avalon 2013 Black,"₦ 10,500,000","Lagos State, Ilupeju",Foreign Used
Nissan Sentra 2007 Blue,"₦ 2,100,000","Abuja (FCT), Karu",Nigerian Used
Lexus ES 2003 Burgandy,"₦ 2,310,000","Lagos State, Isolo",Nigerian Used
Honda Accord 2008 Silver,"₦ 2,205,000","Lagos State, Victoria Island",Nigerian Used
Honda Accord 2016 Black,"₦ 7,875,000","Abuja (FCT), Lugbe District",Nigerian Used
Volvo XC90 2004 Black,"₦ 2,940,000","Lagos State, Ogudu",Nigerian Used
Lexus ES 2004 Black,"₦ 2,730,000","Lagos State, Ikorodu",Nigerian Used
Mercedes-Benz C230 2007 Silver,"₦ 2,260,125","Imo State, Owerri",Nigerian Used
Lexus ES 2004 Silver,"₦ 4,160,000","Lagos State, Ikotun/Igando",Nigerian Used
Toyota Corolla 2004 Gray,"₦ 2,310,000","Lagos State, Yaba",Nigerian Used
Hyundai Santa Fe 2005 Red,"₦ 2,940,000","Lagos State, Alimosho",Nigerian Used
Toyota Camry 2006 Blue,"₦ 3,432,000","Lagos State, Alimosho",Nigerian Used
Lexus RX 350 2007 Silver,"₦ 4,630,500","Lagos State, Mushin",Nigerian Used
Land Rover Range Rover 2011 Black,"₦ 9,450,000","Lagos State, Lekki",Foreign Used
Mercedes-Benz GLE-Class 2017 Black,"₦ 31,500,000","Abuja (FCT), Gwarinpa",Foreign Used
Honda Accord 2007 Black,"₦ 1,963,500","Abuja (FCT), Gudu",Nigerian Used
Land Rover Lr3 2007 Silver,"₦ 5,250,000","Lagos State, Victoria Island",Nigerian Used
Ford F-150 2013 White,"₦ 11,550,000","Abuja (FCT), Garki 2",Nigerian Used
Toyota Highlander 2014 White,"₦ 20,280,000","Oyo State, Ibadan",Foreign Used
Mercedes-Benz C300 2008 Blue,"₦ 6,760,000","Edo State, Benin City",Nigerian Used
Acura MDX 2006 Gray,"₦ 2,808,000","Lagos State, Ogudu",Nigerian Used
Toyota Camry 2009 Gray,"₦ 3,675,000","Lagos State, Ojodu",Nigerian Used
Land Rover Range Rover Evoque 2013 Beige,"₦ 7,350,000","Lagos State, Alimosho",Nigerian Used
Volkswagen Passat 2008 Black,"₦ 1,764,000","Lagos State, Mushin",Nigerian Used
Toyota Camry 2015 Red,"₦ 9,880,000","Abuja (FCT), Gudu",Nigerian Used
Lexus ES 2010 White,"₦ 8,190,000","Lagos State, Magodo",Foreign Used
Ford Edge SE 4dr AWD (3.5L 6cyl 6A) 2008 Red,"₦ 3,640,000","Akwa Ibom State, Uyo",Nigerian Used
Toyota Corolla 2003 Silver,"₦ 3,120,000","Ondo State, Akure",Nigerian Used
Mitsubishi Grandis 2008 Blue,"₦ 3,150,000","Lagos State, Alimosho",Nigerian Used
Mercedes-Benz E320 2005 Black,"₦ 4,305,000","Abuja (FCT), Karu",Foreign Used
Kia Forte LX Sedan 2014 Black,"₦ 9,975,000","Lagos State, Ikeja",Foreign Used
Toyota RAV4 2008 Blue,"₦ 4,700,000","Lagos State, Kosofe",Nigerian Used
Toyota Yaris 1.3 VVT-i 2008 Gray,"₦ 2,373,000","Imo State, Owerri",Nigerian Used
Chrysler 300 2009 Black,"₦ 3,675,000","Oyo State, Ibadan",Nigerian Used
Mercedes-Benz GLE-Class 2016 Black,"₦ 39,520,000","Lagos State, Kosofe",Foreign Used
Hyundai Elantra 2012 Gray,"₦ 3,675,000","Lagos State, Kosofe",Nigerian Used
Mercedes-Benz M Class 2012 Gold,"₦ 22,880,000","Abuja (FCT), Jabi",Nigerian Used
Toyota Highlander 2008 Black,"₦ 6,195,000","Abuja (FCT), Jabi",Nigerian Used
Mercedes-Benz CLA-Class 2015 White,"₦ 13,520,000","Lagos State, Isolo",Nigerian Used
Nissan Frontier 2006 Silver,"₦ 3,150,000","Lagos State, Ifako-Ijaiye",Nigerian Used
Mercedes-Benz C180 1998 Red,"₦ 1,575,000","Edo State, Benin City",Nigerian Used
Honda Accord 2.4 EX Automatic 2008 Blue,"₦ 3,952,000","Abuja (FCT), Lugbe District",Nigerian Used
Land Rover Range Rover Velar 2018 White,"₦ 64,480,000","Abuja (FCT), Wuse",Foreign Used
Honda CR-V 2003 Gray,"₦ 2,080,000","Lagos State, Isolo",Nigerian Used
Lexus GX 2005 Gold,"₦ 5,092,500","Lagos State, Lekki",Nigerian Used
Lexus RX 350 2008 Silver,"₦ 9,400,000","Lagos State, Alimosho",Foreign Used
Ford Explorer 2012 Black,"₦ 8,400,000","Oyo State, Ibadan",Foreign Used
Honda Civic 2009 Brown,"₦ 1,837,500","Lagos State, Ifako-Ijaiye",Nigerian Used
Mercedes-Benz GLK-Class 2010 Brown,"₦ 8,400,000","Edo State, Benin City",Nigerian Used
Toyota Avensis 1.8 VVT-i 2006 Blue,"₦ 2,142,000","Lagos State, Ikorodu",Nigerian Used
Honda Accord 2003 Black,"₦ 1,386,000","Oyo State, Ibadan",Nigerian Used
Toyota Matrix 2004 Black,"₦ 3,120,000","Abuja (FCT), Lugbe District",Nigerian Used
Land Rover Freelander 2001 Green,"₦ 2,100,000","Lagos State, Amuwo-Odofin",Nigerian Used
Hyundai Sonata 2014 White,"₦ 6,930,000","Lagos State, Amuwo-Odofin",Nigerian Used
Honda CR-V 2007 Black,"₦ 4,680,000","Abuja (FCT), Gudu",Nigerian Used
Peugeot 301 2014 Brown,"₦ 2,520,000","Kaduna State, Kaduna / Kaduna State",Nigerian Used
Honda Civic 2005 Gray,"₦ 1,449,000","Lagos State, Kosofe",Nigerian Used
Honda Accord 2008 Black,"₦ 2,520,000","Ondo State, Akure",Nigerian Used
Toyota Matrix 2005 Blue,"₦ 2,352,000","Lagos State, Ikeja",Nigerian Used
Toyota Sienna LE AWD 2006 Silver,"₦ 3,675,000","Lagos State, Ibeju",Nigerian Used
Peugeot 607 2004 Gray,"₦ 1,470,000","Abuja (FCT), Jabi",Nigerian Used
Toyota RAV4 Automatic 2002 Gold,"₦ 4,160,000","Lagos State, Isolo",Nigerian Used
Toyota RAV4 2007 Black,"₦ 4,038,562","Abuja (FCT), Garki 2",Nigerian Used
Mercedes-Benz C350 2011 Silver,"₦ 6,240,000","Lagos State, Ikeja",Nigerian Used
Toyota Camry 2000 Red,"₦ 1,249,500","Lagos State, Ojodu",Nigerian Used
Nissan Xterra 2002 Blue,"₦ 3,120,000","Lagos State, Alimosho",Nigerian Used
Lexus RX 350 2010 White,"₦ 12,075,000","Lagos State, Ilupeju",Nigerian Used
BMW X5 2010 Gray,"₦ 3,638,250","Lagos State, Ojodu",Nigerian Used
Lexus ES 2009 Silver,"₦ 10,920,000","Lagos State, Ajah",Foreign Used
Toyota Camry 2012 Silver,"₦ 13,520,000","Abuja (FCT), Garki 2",Foreign Used
Toyota Sienna 2003 Gold,"₦ 2,600,000","Edo State, Benin City",Nigerian Used
Opel Zafira 2001 Silver,"₦ 2,415,000","Abuja (FCT), Garki 2",Nigerian Used
Mercedes-Benz M Class 1999 Blue,"₦ 2,100,000","Oyo State, Ibadan",Nigerian Used
Toyota Avalon 2009 Black,"₦ 2,352,000","Abuja (FCT), Gudu",Nigerian Used
Renault Duster 2005 White,"₦ 12,150,000","Abuja (FCT), Gwarinpa",Nigerian Used
Land Rover Range Rover 2011 Silver,"₦ 21,000,000","Oyo State, Ibadan",Foreign Used
Toyota Camry 2016 Gray,"₦ 13,520,000","Abuja (FCT), Wuse",Foreign Used
Honda Accord 2007 Blue,"₦ 4,160,000","Kaduna State, Kaduna / Kaduna State",Foreign Used
Hyundai Ix35 2010 Gold,"₦ 4,620,000","Lagos State, Alimosho",Nigerian Used
Mercedes-Benz C300 2009 Gray,"₦ 4,878,403","Abuja (FCT), Lugbe District",Nigerian Used
Dodge Charger 2019 Gray,"₦ 24,150,000","Lagos State, Alimosho",Foreign Used
Mercedes-Benz M Class 2006 Brown,"₦ 5,200,000","Lagos State, Surulere",Nigerian Used
Lexus GX 2016 Black,"₦ 17,640,000","Lagos State, Lekki",Nigerian Used
Lexus RX 2000 Gold,"₦ 2,730,000","Abuja (FCT), Karu",Nigerian Used
Mercedes-Benz M Class 2014 Silver,"₦ 20,800,000","Lagos State, Surulere",Nigerian Used
Acura TL 2010 Gray,"₦ 4,515,000","Lagos State, Ibeju",Nigerian Used
